from,to,r,x,b,tap_ratio
1,5,0,0.016667,0,1
2,6,0,0.016667,0,1
3,11,0,0.016667,0,1
4,10,0,0.016667,0,1
5,6,0.0025,0.025,0.04375,1
6,7,0.001,0.01,0.0175,1
7,8,0.011,0.11,0.1925,1
8,9,0.011,0.11,0.1925,1
9,10,0.001,0.01,0.0175,1
10,11,0.0025,0.025,0.04375,1
